"(0,20]","(20,40]","(40,60]","(60,80]","(80,100]","(100,120]","(120,140]","(140,160]","(160,180]","(180,200]","(200,220]","(220,240]","(240,260]","(260,280]","(280,300]","(300,320]","(320,340]","(340,360]","(360,380]","(380,400]","(400,420]","(420,440]","(440,460]","(460,480]","(480,500]","(500,520]","(520,540]","(540,560]","(560,580]","(580,600]","(600,620]","(620,640]","(640,660]","(660,680]","(680,700]","(700,720]","(720,740]","(740,760]","(760,780]","(780,800]","(800,820]","(820,840]","(840,860]","(860,880]","(880,900]","(900,920]","(920,940]","(940,960]","(960,980]","(980,1000]",gender
7434.405,6348.346,5449.441,18533.21,185716.0,441134.8,694389.6,1120285.0,1353675.0,1543534.0,1441125.0,1520071.0,1638775.0,2039640.0,2393762.0,2656676.0,2877863.0,2396981.0,1850232.0,2025141.0,2033885.0,2387794.0,3928389.0,4334625.0,4545035.0,4794960.0,4690804.0,3985876.0,2419926.0,2058350.0,1583675.0,1716820.0,1514472.0,1338226.0,1517319.0,2246581.0,2345287.0,1682107.0,1235864.0,1077076.0,992675.9,943560.4,640208.6,768789.7,456464.0,479506.4,497623.8,524485.5,446651.4,390986.3,e_male
112564.3,125330.9,136090.0,111778.5,87965.91,213227.2,354278.4,791295.9,1465158.0,3117849.0,6331527.0,7342408.0,6659761.0,13160690.0,15047680.0,7300456.0,2704981.0,3275187.0,2416743.0,1952709.0,1842274.0,2462562.0,6795933.0,7149290.0,8498176.0,10169670.0,13442310.0,10830810.0,10920970.0,5648094.0,1932616.0,1627101.0,1739197.0,2297622.0,2279447.0,1428175.0,2353619.0,5174030.0,4791025.0,6065645.0,6686706.0,6210208.0,5871423.0,4944924.0,2111783.0,824674.4,287462.5,436458.7,593761.0,640717.2,female
3148696.0,2365116.0,1937432.0,2450366.0,3430360.0,3834001.0,6664474.0,7317787.0,7275864.0,3146127.0,2968607.0,3006476.0,5594273.0,8692540.0,6236855.0,5069345.0,10055380.0,7181496.0,5984960.0,4252879.0,4775671.0,6382118.0,6300104.0,12002550.0,15284880.0,9305632.0,12917830.0,11191130.0,14493730.0,6980443.0,6631139.0,6138313.0,6668954.0,4319598.0,3685734.0,4967049.0,3205537.0,5298505.0,3076151.0,3657021.0,2711521.0,4263432.0,4030016.0,3669894.0,2629456.0,4167671.0,4235676.0,2615124.0,3786888.0,5256918.0,e_male
812275.5,717293.9,583557.3,486411.1,599908.8,1584486.0,3619315.0,7372165.0,11876960.0,13249320.0,12537520.0,8026350.0,4658822.0,3838629.0,4711493.0,4807366.0,6848493.0,7505514.0,6125724.0,6757084.0,12119950.0,21727100.0,12283310.0,18072410.0,27454120.0,17636810.0,15932830.0,10186670.0,5624532.0,7618106.0,6519469.0,6309794.0,3504407.0,5369451.0,4770974.0,3049423.0,3388136.0,2054652.0,2414728.0,2269756.0,1936048.0,1690142.0,1113590.0,738183.7,506941.0,414339.8,445528.9,549684.9,429554.5,435120.0,e_male
2029.404,2575.746,12658.03,82938.56,113446.9,190429.6,207445.7,116388.7,134405.7,612145.9,989257.8,1675214.0,1435317.0,879909.2,665504.7,352772.3,319473.3,347920.6,436499.4,545736.6,911729.5,1374516.0,1934202.0,2046669.0,4007376.0,3675031.0,3966380.0,3510818.0,2148384.0,1119261.0,1383496.0,1044113.0,1135963.0,548099.8,391807.5,243069.4,280998.9,517792.7,409431.4,399613.2,523359.1,547516.4,794314.5,1040467.0,1118022.0,932521.6,1034745.0,1062760.0,1025587.0,918063.2,e_male
5025.421963,3490.844939,5217.280546,9261.510623,30854.779837,47973.00138,65948.75255,93284.684452,113275.377649,142248.139799,131547.652458,116263.397303,65294.772019,110279.773254,132422.063269,172866.12585,182781.383609,215976.884469,143577.053521,88402.507964,22771.370524,24060.097864,34406.23634,40966.844246,35264.501325,22306.244536,13524.726018,10027.8779,5756.115378,7036.618651,7829.99535,5637.800559,7867.701695,6730.089582,7270.849439,5266.664792,5957.865355,5275.853339,3746.180981,4145.403665,3743.42737,2781.868738,3255.460188,2980.947716,3260.631395,3208.305336,2909.096741,2365.526002,2755.195227,2909.464398,female
14560.8,13663.18,13739.9,17806.31,53997.1,143236.5,440391.8,731603.3,1739701.0,3247340.0,3157040.0,1868111.0,1794309.0,1637570.0,1584631.0,1297815.0,1477717.0,1410800.0,2027608.0,1960054.0,2843666.0,2801010.0,3694601.0,4645004.0,3841939.0,5716365.0,6003865.0,7393107.0,7880912.0,9309718.0,9417713.0,6045601.0,3071197.0,1649683.0,1750853.0,1870295.0,1676344.0,1671844.0,2653092.0,1930476.0,1910953.0,2408889.0,1218790.0,945508.1,734382.7,1409592.0,1855551.0,1766954.0,2280164.0,3430875.0,e_male
182061.3,190553.6,218644.8,282976.5,862325.3,3068645.0,5090162.0,4093456.0,5328222.0,6489645.0,6292294.0,4615815.0,4646209.0,6027165.0,5759286.0,4865107.0,4133339.0,2728659.0,3568743.0,3091748.0,2674223.0,4822007.0,4811742.0,4786551.0,4340071.0,4832220.0,3381735.0,3283896.0,5440895.0,6181986.0,5506953.0,6597112.0,6609576.0,5125852.0,3240972.0,3243478.0,3233033.0,2878644.0,2328044.0,2056312.0,1881888.0,1978861.0,2419628.0,1512076.0,1770000.0,1357315.0,984270.3,1045074.0,1506644.0,1219284.0,female
401526.3,376996.8,384693.6,363294.0,432555.7,711400.9,1567582.0,2970700.0,4248100.0,6335608.0,10566150.0,14837430.0,17722410.0,18605330.0,9045191.0,5689490.0,4761330.0,5267964.0,5038787.0,4538601.0,5274305.0,9362224.0,13046600.0,18026840.0,21515740.0,17786880.0,14185840.0,13416220.0,11371690.0,7116994.0,6302626.0,4209548.0,3327932.0,1800559.0,1320327.0,1480812.0,1991062.0,2379355.0,2156096.0,2867320.0,4239886.0,4392284.0,4287193.0,6188491.0,4291724.0,3885674.0,4257620.0,3698030.0,3240493.0,2514062.0,e_male
107479.7,149525.7,326502.4,2071411.0,1558501.0,2734449.0,12820040.0,14007020.0,4458086.0,2178558.0,1903129.0,2942957.0,3989626.0,8458661.0,13004710.0,10002030.0,1893596.0,708189.5,1026342.0,1724035.0,2778955.0,5566826.0,4010902.0,1269129.0,613177.5,753687.1,1344622.0,2066615.0,3727563.0,4599660.0,3225384.0,680871.7,1193505.0,3939360.0,7111661.0,9248866.0,14043810.0,6980961.0,5277499.0,3908045.0,6001763.0,6389958.0,7068722.0,5229194.0,3832158.0,3410403.0,2255059.0,2380447.0,2492326.0,1740013.0,e_male
372597.8,348456.7,389022.9,550293.1,927607.5,1924431.0,5490841.0,6900874.0,10748000.0,10787850.0,7680806.0,15138640.0,12309700.0,12104020.0,26279630.0,20984520.0,9406602.0,10187750.0,11320230.0,10194750.0,13267490.0,10178440.0,11825110.0,13264870.0,14079440.0,10321430.0,18719050.0,35622560.0,21136220.0,16183400.0,24409710.0,18657400.0,10240390.0,9474751.0,14607960.0,13361010.0,10523420.0,6693312.0,5938113.0,5401057.0,6633295.0,4926310.0,4621046.0,3899451.0,5587749.0,5067286.0,6320013.0,4511461.0,2933109.0,2851566.0,e_male
1425.852632,1362.577411,1217.708405,1484.983589,1368.18251,1549.925134,2613.842032,2595.846725,2588.113482,3390.98949,5618.21051,6874.689175,15363.556926,18747.651838,28126.087876,27354.834186,23616.45201,31966.152865,28940.605805,29656.026613,95993.278647,241430.430443,161185.585347,38123.784988,29316.698188,16644.133001,9275.977359,7574.595117,6224.169968,5926.348509,6866.093248,8191.491178,10223.046306,9669.274878,19711.4814,21695.165423,19920.403103,10263.012753,4162.395687,10612.738875,11874.252591,16739.12124,18154.625962,44119.145489,32394.448179,35545.186175,14257.89164,7167.83069,11370.798668,8992.767218,e_male
396069.1,436651.3,741648.9,700844.0,900491.8,1334086.0,1441670.0,1983173.0,4902913.0,7331733.0,8531800.0,9766815.0,5733855.0,9610842.0,14691660.0,14303180.0,15063300.0,10689620.0,15046950.0,14014590.0,8359000.0,9312138.0,7501184.0,5806373.0,5849097.0,6716535.0,6409248.0,6717632.0,6442509.0,6249293.0,7746504.0,6046506.0,4280893.0,3765073.0,3145596.0,2962560.0,2991703.0,2456143.0,2651971.0,2292411.0,2062026.0,2513294.0,2082524.0,2284376.0,2670102.0,2494946.0,2196355.0,2594590.0,1918648.0,2738772.0,e_male
470.885326,381.231872,568.828479,1203.1485,4990.766011,3723.398818,8557.211251,6685.731193,13713.032976,11419.422425,14469.571528,13581.827612,11291.142989,14268.385014,10239.335769,13826.405348,12949.852207,7853.884135,8947.435998,10913.11718,6401.355179,6184.356293,7392.990561,5359.987341,3552.910971,4632.651446,2762.067851,2789.846991,2280.388553,1613.813286,1605.026012,2037.537413,1864.381649,1784.756779,2459.254335,2816.592905,3494.509418,3866.891441,4848.615332,5408.985233,4963.825176,5579.958705,5686.13591,4554.546545,4766.758896,5878.533475,6120.049936,5465.25553,3837.399682,5891.739815,female
413170.2,334635.6,293718.4,295317.6,292613.9,380159.2,647637.5,861477.9,711678.8,1083393.0,1326314.0,2046651.0,2173987.0,5976648.0,13611630.0,8820061.0,5910474.0,10020310.0,21128480.0,28302400.0,21443320.0,7134549.0,2666148.0,4102793.0,3320148.0,4092399.0,5288181.0,3719929.0,3224727.0,4039315.0,3891296.0,3423049.0,3935554.0,3901833.0,4353080.0,3206782.0,2113440.0,4622607.0,7088922.0,5837910.0,4542772.0,3616669.0,2391101.0,1222018.0,849013.1,656026.0,893199.2,1367966.0,2444604.0,2511973.0,female
121206.3,117858.2,111988.9,103239.1,126612.2,224650.4,651716.1,1852562.0,2721781.0,2326524.0,2404178.0,3004949.0,2294587.0,1784727.0,1836799.0,2413508.0,2630929.0,3680651.0,5542332.0,6809573.0,5939670.0,5778804.0,13130200.0,12950120.0,7198747.0,5452932.0,7096407.0,6915730.0,5094784.0,3728042.0,2909251.0,1944910.0,1092285.0,1170178.0,994475.1,1162414.0,1020853.0,735099.2,970010.1,883639.1,722199.4,530464.5,462122.9,294363.0,328408.9,392772.0,326519.4,466197.2,402793.0,358688.3,e_male
368036.6,669798.0,746893.6,879192.0,1227370.0,2380387.0,3937162.0,6277956.0,3200915.0,6162143.0,2514594.0,3441058.0,3551232.0,3475975.0,3951263.0,5583477.0,5744573.0,17257860.0,15768670.0,8777304.0,16436510.0,15932000.0,20423640.0,11043020.0,10211870.0,10361150.0,16790310.0,8201644.0,5618781.0,5845283.0,3657120.0,3320655.0,2512676.0,2151891.0,1833031.0,3285137.0,2003248.0,1669760.0,1097215.0,693684.1,1183855.0,1362801.0,1641705.0,1170447.0,1624465.0,1175219.0,1746899.0,1195315.0,2596810.0,2423932.0,e_male
1863748.0,851885.5,887697.6,2064144.0,3279179.0,4485962.0,5501738.0,7685269.0,6277284.0,10131630.0,8296703.0,8133282.0,14284240.0,12858140.0,12434980.0,17359100.0,17774240.0,20734520.0,19901010.0,16937100.0,20718780.0,22320630.0,25106640.0,23956890.0,26779910.0,29224560.0,24436690.0,29798410.0,28660300.0,18286510.0,21487950.0,21756690.0,22482750.0,20285810.0,21767620.0,16853100.0,21060990.0,17433350.0,20649510.0,17486930.0,16711390.0,19556600.0,12894980.0,17772580.0,20125750.0,13534670.0,15623960.0,17342090.0,12456660.0,13223590.0,female
8891.347,40702.97,125981.9,252050.0,1075163.0,2713990.0,6464529.0,7290308.0,9853652.0,14289450.0,16978870.0,13648360.0,12867720.0,12364520.0,7499052.0,5932693.0,8484821.0,7388709.0,7193433.0,10442780.0,11886310.0,13544770.0,14751030.0,12261230.0,12297870.0,17722990.0,15559980.0,11067580.0,8860081.0,6219569.0,6538921.0,5475653.0,2759606.0,2499549.0,2280843.0,2622796.0,1798976.0,1003870.0,1069075.0,704346.0,472928.9,492813.0,688824.8,627247.5,521320.0,550219.9,430413.6,442803.4,481333.2,722806.9,e_male
340042.1,362655.0,301796.3,298739.1,570533.7,2480678.0,4535063.0,8803472.0,11784050.0,21808900.0,15429580.0,6061669.0,9186991.0,7511190.0,6178179.0,4272064.0,3330993.0,4737039.0,5542609.0,6210817.0,5221798.0,3874483.0,5060624.0,5854605.0,6594968.0,7934251.0,8302549.0,5876944.0,4462803.0,3676824.0,3602647.0,5354575.0,7575007.0,7859829.0,10908970.0,10309850.0,13412960.0,16741490.0,8778912.0,6028542.0,3144759.0,2908975.0,2243651.0,1702541.0,2135749.0,1400480.0,967173.0,1379216.0,1561615.0,2156161.0,e_male
146180.1,152814.4,163291.7,184749.2,231756.5,443471.8,1013470.0,1711082.0,2711204.0,2299468.0,2578049.0,1679294.0,1643414.0,1501913.0,1988201.0,2334301.0,2468912.0,3871649.0,5357390.0,6836258.0,8692597.0,10516260.0,10120100.0,7965512.0,3797461.0,3858367.0,4929356.0,4358731.0,4008729.0,3551947.0,3964724.0,3052037.0,967582.9,1225274.0,1090771.0,1640169.0,1290917.0,1462691.0,1032559.0,860772.4,1441620.0,1321054.0,976233.4,757986.9,627691.1,557307.1,826281.6,1327880.0,1433064.0,1082625.0,female
467799.0,423910.5,542628.3,1089902.0,2092889.0,2059341.0,3759035.0,6398870.0,5935414.0,5240180.0,7456160.0,10531750.0,7965105.0,7806080.0,8138779.0,10202110.0,11096750.0,11712750.0,12624160.0,11295600.0,11200250.0,12943640.0,11068840.0,13931560.0,17768720.0,14109540.0,14593300.0,18157470.0,16756460.0,17837960.0,19890110.0,17286620.0,15060030.0,11764750.0,12741530.0,9994452.0,7418356.0,6671248.0,7810228.0,6301502.0,6049845.0,5505875.0,4489401.0,3593807.0,2702845.0,4177753.0,4131873.0,3543314.0,3181202.0,3362742.0,e_male
40480.93,60064.42,108062.1,281813.2,575193.6,1130752.0,5735544.0,9698207.0,15342910.0,20281450.0,21043370.0,16260670.0,14755880.0,13669540.0,8488631.0,6498803.0,8884329.0,9296412.0,10626810.0,14174380.0,14386270.0,14321450.0,15086650.0,22775790.0,13573110.0,20612370.0,18659820.0,19673010.0,18621200.0,13389750.0,12970930.0,7580104.0,4760366.0,5158117.0,5304063.0,4701281.0,3788260.0,2113750.0,2565198.0,2076555.0,1119433.0,1050698.0,1338523.0,1031243.0,882648.8,1162019.0,1274121.0,1332338.0,1540793.0,1205828.0,e_male
112136.5,171415.7,323512.6,504319.3,1704265.0,3148838.0,3274232.0,2802953.0,1646543.0,1486676.0,1921138.0,2089048.0,1404777.0,3347869.0,7835051.0,12717360.0,4245678.0,7984869.0,8003052.0,6872690.0,6436794.0,4382262.0,5731153.0,6374453.0,4268627.0,4105752.0,4925238.0,5186831.0,9292583.0,9568038.0,5468156.0,4482788.0,3205745.0,2699873.0,3473646.0,2243353.0,3588657.0,4156716.0,3159110.0,8450146.0,6043896.0,3534566.0,6313557.0,5558741.0,5718656.0,9888197.0,11655850.0,11796600.0,8928573.0,7544317.0,female
390076.8,389118.0,287859.5,695953.1,1840662.0,8947243.0,19791430.0,13789180.0,11937660.0,10392970.0,12660330.0,13858720.0,14915880.0,14667500.0,13658030.0,12300130.0,9812441.0,9640102.0,10136260.0,8574794.0,11229350.0,9856859.0,8952523.0,8700491.0,9970016.0,11139160.0,8241860.0,9805040.0,9290891.0,8073024.0,6240316.0,5388785.0,7381204.0,10969470.0,9977729.0,5923520.0,7314026.0,6468309.0,6080244.0,4141072.0,3223146.0,3452172.0,3438177.0,2869220.0,3275208.0,2632824.0,3357110.0,2712629.0,2508928.0,3403598.0,e_male
263413.7,255874.7,307298.7,299912.0,506661.6,2631482.0,9814967.0,22044950.0,9075904.0,13848000.0,8070707.0,11594230.0,13055260.0,11914650.0,9623841.0,5649015.0,3378735.0,2957200.0,3178062.0,5193808.0,5632591.0,4531543.0,4080783.0,6775949.0,5540391.0,5807306.0,11213440.0,6358951.0,5440119.0,8200539.0,5054515.0,6450227.0,3924406.0,2904207.0,4253982.0,3211395.0,2080522.0,2216249.0,2151078.0,1991710.0,989439.7,896084.1,1011792.0,1129878.0,1425434.0,2161237.0,1046696.0,1584557.0,1893317.0,2041827.0,e_male
114984.7,122536.7,179592.2,218315.6,358839.9,901328.0,1581693.0,2771129.0,4751342.0,7234203.0,9617955.0,15809450.0,21121700.0,26097730.0,23726400.0,18605920.0,21012840.0,10935560.0,8580642.0,7629182.0,7330002.0,8240921.0,11450960.0,10011080.0,9538321.0,11119550.0,12181830.0,11931210.0,11590590.0,11093340.0,11297940.0,10665570.0,11906880.0,10304200.0,11812440.0,10383920.0,11067800.0,14721540.0,15433260.0,16511140.0,14282210.0,7677189.0,4283828.0,4999633.0,4575212.0,4376156.0,4016402.0,4694748.0,4094580.0,5315813.0,female
762415.2,806730.9,502982.0,868226.0,2047628.0,3493103.0,10233280.0,22998130.0,29715130.0,36511820.0,44841870.0,49511840.0,35296540.0,13032280.0,16268480.0,17020910.0,15703020.0,14475460.0,15912670.0,16263000.0,12735930.0,13012290.0,9363212.0,11915240.0,14991860.0,13317360.0,7528314.0,14745470.0,12501750.0,12504960.0,10147750.0,13545750.0,14916290.0,11428340.0,7963686.0,8459595.0,7137130.0,7798489.0,6032493.0,7844416.0,5573909.0,6337586.0,5867717.0,5193634.0,4725852.0,3198123.0,4412499.0,3871931.0,5551160.0,5534248.0,e_male
1209.369984,1483.80641,2473.562484,4982.761355,6296.772158,12335.713297,22193.46086,18393.076663,35578.268036,54125.762284,51263.734581,52701.064984,23885.905545,28678.659316,32646.364075,42772.857524,20836.927873,17388.91167,18411.997091,27779.259826,28491.854216,23008.820576,36471.795789,17471.286431,33005.685082,22203.600064,8266.187402,6262.551024,5969.306837,4769.824588,4505.540029,6181.67249,5391.52212,5036.626281,5697.362293,5875.519093,8844.62795,6232.659386,7759.18382,8235.333322,13562.040199,9994.453627,9632.995805,14566.493924,12033.469796,10845.296643,11395.064887,15831.199688,14116.274805,12867.832716,ve_mal
448076.4,473341.9,519252.4,615496.9,1210657.0,2885985.0,2616150.0,4991849.0,6968796.0,14045670.0,12481150.0,12240620.0,10544050.0,13892960.0,16707150.0,8811738.0,3568503.0,4782661.0,3118664.0,9669472.0,11451360.0,9706946.0,9962468.0,9621031.0,6723148.0,8752378.0,8156959.0,5913012.0,8053529.0,7963399.0,4804861.0,4676790.0,3344236.0,4464394.0,4571801.0,3610752.0,3764500.0,3226646.0,3093536.0,3079982.0,2583624.0,3820120.0,3990020.0,4098217.0,3846561.0,3051730.0,3369935.0,4278067.0,4262709.0,5086993.0,female
12835.139495,18674.026638,22942.923387,20015.576744,47412.818684,73244.77368,71722.303124,226118.95949,177645.45931,195679.614932,183875.367838,114932.001478,89635.380696,83689.402746,160623.663875,109281.006764,82441.371915,68233.203972,102093.98246,85733.986256,89444.313333,209174.387234,75092.030529,82767.725436,80449.314002,54565.97969,72113.009611,71028.686178,31164.237506,64684.748632,59688.156796,54594.026833,52202.591856,61981.610874,56475.695701,52427.191486,76139.416595,54093.148757,48096.81206,63321.565745,53516.425899,39429.592638,67285.454394,86325.708503,62886.990063,22582.346148,27365.50555,52851.971687,48049.807239,32057.421749,female
15966.94,34474.32,137743.4,330206.9,1532168.0,3057199.0,7423841.0,12768540.0,16245950.0,19017980.0,15734280.0,17969250.0,15566180.0,15770110.0,12559820.0,8007088.0,7255901.0,7201528.0,8436563.0,6976620.0,6907515.0,8310885.0,10636760.0,10834540.0,16397250.0,18556540.0,23803420.0,24000090.0,12404970.0,7405911.0,9054905.0,7689658.0,5738675.0,5569908.0,4104376.0,3403073.0,3139389.0,1838353.0,2116334.0,2234129.0,1072772.0,1047936.0,1101097.0,1139649.0,939738.2,1046110.0,994736.7,1112617.0,1529483.0,1266374.0,e_male
14806.51,14806.67,19994.33,64394.27,306640.3,593656.2,1173335.0,2579066.0,4040110.0,4752129.0,3811613.0,5744544.0,7677570.0,3587658.0,1757353.0,2574725.0,1869014.0,1374164.0,1745466.0,1077734.0,1603718.0,1335973.0,1299439.0,1070977.0,1254531.0,757546.6,998796.3,978211.1,853350.5,929140.5,887984.6,701369.9,584434.4,561303.8,627175.6,673829.4,513915.7,973859.5,963109.3,732777.0,822794.0,526202.6,607727.2,1045355.0,895218.8,709069.2,829539.1,1224613.0,986646.3,498186.1,e_male
1536841.0,1422891.0,1226661.0,1748736.0,1998575.0,3625092.0,6104324.0,8620941.0,8444666.0,7300115.0,7336382.0,7237735.0,7659102.0,9101216.0,6180530.0,7714184.0,9799246.0,6712939.0,5617135.0,5503622.0,5008932.0,4476857.0,6021148.0,5770061.0,4991477.0,5052031.0,4286760.0,5410965.0,5333899.0,5935450.0,7742132.0,7199650.0,6034289.0,4638646.0,5601801.0,4648774.0,5308502.0,4110365.0,3127773.0,3029750.0,3002876.0,3362030.0,4702835.0,5735573.0,5149477.0,4496645.0,3110919.0,3209715.0,3924270.0,4383764.0,e_male
9045.941,6922.565,13264.84,155708.1,897916.3,1499331.0,1520578.0,1569552.0,1986347.0,3858749.0,3792040.0,3362506.0,1833489.0,1353207.0,1220263.0,1373701.0,1800878.0,1261181.0,729342.5,591329.6,526804.4,386198.0,481611.1,557318.9,677688.3,1051958.0,1730156.0,1646814.0,1299815.0,1192151.0,1220972.0,1467100.0,1276067.0,2362270.0,1967740.0,793247.0,596901.4,444874.8,365520.0,611396.6,601957.0,976842.2,1343409.0,1360159.0,1101901.0,1370124.0,1384695.0,777386.6,649001.3,760669.0,e_male
279762.1,324305.5,457382.6,683095.9,1657562.0,3254806.0,5542575.0,11725800.0,17910390.0,16766370.0,16991630.0,23889840.0,11665710.0,12045480.0,9412551.0,9808364.0,13071870.0,9279171.0,10361250.0,10389800.0,16759170.0,7551756.0,6960134.0,12115930.0,6353382.0,8883379.0,9286565.0,9176589.0,12216280.0,6774618.0,6532047.0,9892547.0,12964120.0,8573430.0,6736701.0,8248218.0,6211996.0,7744799.0,5472471.0,7275240.0,7908821.0,4928366.0,5653619.0,6669581.0,4448480.0,3146317.0,5145576.0,5855328.0,4182065.0,4169385.0,e_male
603651.5,588855.3,545040.5,438241.6,576385.9,1168860.0,1347312.0,1717830.0,1582208.0,2390172.0,2200976.0,2185827.0,5737307.0,8282122.0,13262400.0,12074160.0,16911000.0,18606270.0,7658966.0,4099211.0,2510565.0,2095634.0,4098182.0,6519741.0,8458186.0,12052470.0,12119600.0,8950371.0,23940670.0,22332840.0,16282550.0,15249140.0,11648330.0,13366490.0,9262245.0,5691612.0,4152384.0,1554291.0,828308.2,817925.3,857810.1,938537.1,784954.5,565968.6,642371.5,571366.1,554363.3,605168.1,822151.4,1045292.0,female
6853608.0,5324913.0,3117942.0,3233842.0,3041209.0,4254523.0,4381886.0,7020231.0,9230581.0,16253630.0,18074060.0,19238550.0,18174740.0,19486580.0,27624020.0,20187330.0,26141920.0,17032540.0,14432600.0,11003380.0,12089290.0,17020790.0,17504610.0,24200300.0,24777160.0,16016930.0,16437770.0,19759010.0,16014320.0,9162921.0,5926283.0,9580925.0,6289297.0,7995063.0,5210924.0,5378541.0,4905316.0,7377534.0,7462477.0,5244670.0,5830418.0,6038559.0,5622861.0,7447400.0,4010092.0,6975558.0,5214465.0,4574516.0,5360348.0,4003686.0,e_male
303975.2,327145.6,887617.6,2909507.0,3170633.0,5002027.0,3788039.0,4331336.0,3910371.0,4678951.0,5238870.0,8484274.0,12350820.0,19030390.0,30041530.0,36126040.0,14143130.0,7994355.0,5245153.0,4629430.0,4781529.0,6771645.0,5491977.0,6270783.0,6828538.0,12912470.0,10503850.0,10044350.0,10689990.0,7480189.0,8318943.0,6591435.0,8254972.0,5722208.0,3262396.0,4526190.0,4257008.0,7621217.0,4477807.0,6519781.0,7813974.0,6737593.0,4589285.0,4506996.0,6416368.0,5719734.0,6991645.0,8631922.0,6591311.0,9763813.0,female
101237.0,374672.9,756725.2,1702913.0,3243447.0,2979126.0,3580630.0,4032219.0,3587284.0,1930518.0,2600276.0,2755286.0,3491639.0,2683296.0,2819043.0,2496088.0,2482154.0,3004619.0,1921272.0,2340238.0,2890258.0,1673285.0,1462821.0,2038051.0,3301668.0,4042071.0,3762702.0,1778147.0,1897997.0,2477935.0,3810356.0,3784612.0,4037886.0,3257439.0,2787636.0,1981115.0,2487656.0,2444482.0,3432913.0,3937661.0,3616791.0,3493448.0,3219121.0,3095962.0,3750212.0,7044381.0,3961297.0,4449626.0,6731117.0,7996987.0,e_male
59732.63,65911.75,72328.98,86531.43,103562.7,309783.8,677155.0,996208.2,1487779.0,1377180.0,3224199.0,5077292.0,6398264.0,5661753.0,5961242.0,4491625.0,4203245.0,4753139.0,3483149.0,4684390.0,5912049.0,6572171.0,5542493.0,4904623.0,4329094.0,6036747.0,4333888.0,5568614.0,5032449.0,4189206.0,3920474.0,3065441.0,2611847.0,2159986.0,2050046.0,2523211.0,2912985.0,3275997.0,2969468.0,2334793.0,3003868.0,3069791.0,2239620.0,1580956.0,1381673.0,1512751.0,1611512.0,1431464.0,813810.1,821723.3,e_male
287284.5,283310.5,293313.2,417366.6,1479782.0,3081318.0,4864011.0,6050311.0,6032518.0,8050038.0,12941580.0,9557344.0,8171289.0,9083681.0,10830570.0,9038343.0,9115333.0,7569781.0,7463748.0,13703070.0,14216540.0,14410450.0,20326780.0,24246270.0,20355510.0,14017910.0,14613970.0,13414340.0,12626400.0,9644363.0,7567528.0,9027860.0,8143727.0,6190780.0,5973285.0,7368468.0,6806564.0,4634368.0,4885967.0,4862232.0,3204088.0,3277075.0,2836523.0,3246328.0,2109217.0,2110754.0,2788163.0,2394233.0,2118686.0,2238585.0,e_male
158771.3,155188.5,158157.2,254085.2,1306976.0,2322605.0,2968122.0,3658099.0,9818160.0,8114931.0,8941611.0,4597190.0,4389566.0,12004020.0,12204280.0,5797516.0,4937094.0,4062501.0,5108343.0,5633005.0,6339189.0,7455779.0,10445970.0,11240220.0,9513638.0,12863080.0,18971020.0,13275260.0,20035300.0,17130470.0,9134176.0,5100792.0,2481237.0,1642843.0,1208030.0,801878.2,1274280.0,953548.2,1202665.0,814588.8,787062.6,997701.6,1433518.0,1525362.0,2357987.0,2480894.0,3485243.0,3335871.0,2703346.0,2248552.0,female
273341.6,257140.4,265305.5,283033.9,375452.9,533704.6,1676870.0,3402603.0,4550306.0,4292747.0,7191524.0,6193615.0,4050574.0,4621353.0,4090576.0,3546035.0,2432795.0,2543268.0,3000618.0,2382817.0,3061600.0,4585610.0,4808258.0,3419074.0,5404094.0,5088631.0,6133944.0,4806045.0,9023409.0,9263028.0,9225162.0,13585740.0,15595080.0,11869280.0,14352170.0,13192710.0,9145124.0,7734377.0,5599635.0,5156119.0,3954577.0,3333839.0,4828428.0,4772056.0,4592442.0,4611390.0,2962436.0,3455070.0,3257759.0,2864308.0,e_male
299045.0,219515.0,176828.6,203233.2,233445.4,328434.7,988303.9,4395881.0,27514380.0,28914740.0,29873940.0,15470470.0,32841800.0,22429920.0,10975470.0,8954366.0,8891541.0,10113680.0,9494712.0,14004570.0,16811890.0,9796119.0,4169298.0,4960216.0,6412650.0,8918623.0,15136670.0,7891479.0,8558580.0,11017700.0,18639130.0,8630053.0,2548100.0,1218187.0,884981.4,940413.2,775328.4,921050.2,2796526.0,1716818.0,2124217.0,1458124.0,1135413.0,876153.7,770919.0,956069.9,2119775.0,1642011.0,1934617.0,2137975.0,female
212821.7,218988.2,187132.3,367646.0,489028.4,425308.9,596851.5,1011350.0,1451342.0,2371301.0,6124056.0,20153700.0,23711170.0,27414030.0,12391960.0,15659140.0,6899624.0,6161656.0,6951627.0,8722438.0,9196886.0,11341050.0,18465690.0,24489600.0,23997590.0,33036800.0,26886030.0,38882580.0,27959190.0,26921200.0,29898450.0,27329970.0,24675520.0,25442340.0,21703660.0,21589100.0,16410030.0,14835060.0,11990160.0,13519290.0,10968850.0,14034720.0,8595275.0,7423925.0,5832458.0,7227853.0,9031098.0,4074657.0,3227286.0,3203588.0,e_male
1136396.0,1430842.0,1551802.0,1685897.0,2529258.0,2590004.0,4875337.0,5919563.0,6085926.0,9983911.0,13174510.0,16477490.0,22346540.0,20727380.0,8906075.0,7423728.0,7673887.0,8092994.0,6389497.0,5328814.0,4988992.0,4332897.0,5803240.0,5612833.0,9991577.0,11680940.0,15136600.0,11076680.0,6932950.0,5663393.0,5316753.0,7223824.0,5809631.0,4072218.0,3782033.0,4693176.0,6214169.0,5795305.0,7372605.0,7169893.0,6143192.0,6561535.0,7195846.0,5263059.0,6143559.0,6041104.0,5344293.0,6791900.0,9227754.0,8792237.0,e_male
230856.3,238701.4,265900.6,371774.6,908190.5,1936810.0,2294910.0,3083895.0,7005968.0,10002010.0,10863690.0,13655730.0,14301870.0,13143790.0,15482850.0,14426640.0,14230270.0,18385900.0,7118637.0,6567441.0,6037809.0,8963221.0,9557017.0,12714590.0,11587350.0,13569250.0,11434390.0,16814580.0,13466000.0,8814701.0,7200989.0,6673479.0,6094867.0,4668592.0,5762766.0,4568524.0,5729748.0,3869279.0,2668915.0,2356742.0,2005533.0,2144697.0,1427996.0,1514183.0,1077791.0,1611500.0,1174701.0,1773715.0,2417516.0,2265040.0,e_male
136433.6,105616.5,84934.35,185858.2,555277.1,778527.2,1045487.0,1934738.0,5233959.0,8234030.0,14487370.0,13118780.0,17680290.0,34883550.0,6319527.0,3474047.0,3334884.0,5503517.0,8419314.0,14833160.0,4818614.0,6353643.0,7779402.0,5302833.0,7533171.0,5401438.0,4207188.0,4790823.0,3206052.0,1862040.0,1574102.0,1115273.0,989148.9,1441579.0,965880.7,552794.9,829713.3,646905.7,546166.6,528980.5,376930.1,310801.1,220901.7,380430.0,212063.2,344542.8,335896.9,266410.2,203580.2,579598.2,e_male
17618.81,19273.74,20272.78,22696.16,33469.04,100600.5,182267.4,554715.2,635500.3,610253.1,664109.2,1236805.0,4792970.0,5477397.0,5316629.0,6152264.0,11258080.0,17946730.0,12663360.0,11985250.0,7615425.0,7065027.0,4711004.0,6847421.0,6475595.0,10982500.0,14945500.0,7046879.0,10650340.0,8427975.0,7389885.0,7510802.0,9799403.0,9711441.0,8367255.0,17471480.0,13785290.0,12758020.0,7865998.0,6076996.0,7299353.0,5437958.0,7619559.0,4266351.0,5859870.0,3947135.0,4363859.0,4303442.0,2773667.0,1984435.0,female
8956.438064,12673.02354,10602.371931,25583.571051,85200.426042,223187.819686,276888.157498,311932.192218,399856.591793,311486.447097,291902.388296,247623.939283,186755.763537,98973.177022,84124.63969,95856.79434,63581.470987,55217.273895,47319.654276,35581.389842,29415.141054,26570.034888,46897.162754,48106.190837,23507.123617,17482.99335,13076.640491,11894.723785,11889.064317,11165.492064,8467.839475,9276.416072,11821.896952,11608.670878,14898.928104,14163.867402,13004.733379,12698.217749,13048.483978,10375.893749,10720.647423,9575.442845,10927.823904,7223.192633,7875.01094,6844.590686,11473.712147,7246.941005,8665.555042,8534.169062,e_male
16896.63,23462.1,41806.92,82449.65,192341.8,678916.9,877712.5,1317804.0,3046461.0,2776845.0,1638306.0,1036958.0,1306738.0,1466513.0,1326952.0,1701433.0,2932244.0,3668106.0,6816656.0,3975470.0,4710174.0,3529822.0,2429793.0,5349554.0,11629820.0,12249470.0,12570710.0,6223795.0,7530661.0,5030207.0,3013710.0,1939269.0,1607603.0,2249045.0,1681334.0,961812.8,1192294.0,1815032.0,1709907.0,1186457.0,839202.8,310206.3,272472.4,864231.9,974674.9,408255.6,318320.4,168768.7,254028.8,241072.5,e_male
31415.89,33964.35,43268.75,122438.6,422944.4,1490827.0,1980218.0,1336288.0,1171535.0,1789037.0,1057180.0,906534.5,1479485.0,682680.8,1301012.0,1395049.0,1241757.0,855428.6,645740.8,1955197.0,5628070.0,7286786.0,9792076.0,8903244.0,7817639.0,6431348.0,4839752.0,5536067.0,5209472.0,7758259.0,4709336.0,4552746.0,4590133.0,4822063.0,4249519.0,,,,,,,,,,,,,,,,e_male
1731.482,2087.157,2473.914,3752.345,10980.08,15137.01,27214.72,30242.61,34358.1,46976.95,66637.26,227669.9,464308.8,84826.67,56984.35,59834.38,57931.77,48727.0,104268.6,141740.5,194268.7,164130.6,170618.7,1121255.0,426897.7,264302.1,115772.0,99534.71,117315.8,70725.5,60198.66,57147.24,70193.7,89632.05,172925.7,1060883.0,274122.5,252194.9,145465.9,126716.9,177871.8,139745.8,142042.1,87603.56,90039.98,83788.95,103556.3,569702.1,164000.1,97008.4,e_male
11872.053768,15488.986983,72860.992532,83761.4679,378927.990723,498414.804931,388787.716491,223882.380875,99522.677222,99600.86031,80457.520531,51732.436685,26919.509142,25582.951998,41813.303769,53660.415781,29887.147426,39389.627449,25252.80396,50486.66914,55323.74569,27692.18623,19842.220702,15348.888122,14633.104286,8509.312502,9308.539322,11983.036628,6693.238467,8514.388459,7150.674288,10935.663674,7643.057832,10689.659706,9330.911859,13495.11736,10161.010266,16305.228371,22543.364364,20999.685021,36131.750659,16290.415272,15195.427922,18434.735247,20640.645177,17639.098926,26609.678675,24309.645269,18532.524614,18297.392675,ve_mal
3872145.0,2771911.0,1865100.0,1487407.0,1156583.0,1991821.0,3374312.0,4840987.0,4920843.0,6453573.0,9934992.0,8324797.0,7024268.0,5536205.0,5559426.0,6358178.0,8604400.0,9095405.0,13687860.0,14023240.0,11682370.0,12265480.0,12089070.0,20993810.0,23921320.0,19499060.0,12809150.0,9599364.0,10822250.0,11155240.0,11166880.0,8868472.0,7101825.0,6477424.0,6137909.0,6691741.0,6156637.0,7146437.0,6845264.0,6228769.0,6220096.0,8844293.0,8472231.0,6545684.0,5318232.0,5624168.0,5342960.0,7579829.0,6560039.0,9759015.0,e_male
512613.3,556831.6,487043.6,400480.7,502808.2,540886.9,976716.3,1360469.0,3057540.0,8936705.0,9889463.0,19339260.0,14594360.0,18213480.0,20378460.0,12190150.0,25962060.0,11618480.0,6946433.0,4554449.0,4532794.0,5269921.0,4630158.0,4565101.0,7982730.0,11681380.0,8011245.0,9544793.0,11737330.0,17291540.0,10429110.0,9491636.0,5573252.0,6172339.0,3487866.0,5087410.0,3844039.0,4479147.0,2477585.0,2725742.0,3157415.0,4388998.0,3219134.0,4552201.0,3742688.0,5132534.0,5674034.0,8532591.0,6674161.0,9214538.0,female
37195.7,48797.74,57168.71,60654.48,84901.56,191402.5,356067.7,630838.9,472642.6,891373.4,1188692.0,2305427.0,1113717.0,769996.5,650587.4,860845.2,722752.9,392880.3,238764.2,187726.1,252324.9,262042.8,411259.4,540066.7,569850.2,263854.2,174820.3,204529.5,277877.1,311944.3,336106.9,477226.7,870264.2,1008498.0,736525.1,847563.5,559392.0,375514.2,379932.3,430534.4,324432.7,386436.6,638740.4,444028.4,503618.4,691984.1,1043679.0,2029329.0,2445565.0,3948707.0,e_male
822284.2,814376.5,849808.3,813895.8,1581490.0,4906698.0,9773641.0,14575640.0,9921428.0,7819365.0,15874500.0,10299040.0,10278460.0,10250540.0,26623990.0,13142200.0,16823840.0,11455960.0,11704430.0,17445640.0,13334210.0,12359720.0,16105930.0,14868010.0,9354036.0,5469228.0,9160725.0,5979436.0,5796123.0,13492270.0,12768010.0,5717013.0,5017776.0,4987391.0,6169020.0,5631222.0,3646600.0,2086369.0,2186145.0,2796046.0,2891720.0,2655248.0,2923774.0,3781028.0,4015205.0,2220365.0,1823096.0,2044151.0,2041343.0,1806166.0,e_male
285146.0,292080.6,258363.2,255290.6,261678.6,554653.3,2261041.0,3349792.0,6070750.0,11102210.0,15512830.0,16498330.0,23866530.0,24150300.0,19985900.0,29835960.0,24994460.0,18238520.0,20644170.0,24940860.0,21778340.0,14918900.0,12667940.0,12519640.0,9404722.0,10463870.0,12121720.0,7831749.0,5325334.0,4021090.0,4581364.0,5227555.0,4721291.0,2983006.0,2306813.0,1579650.0,1275382.0,1515069.0,1974957.0,1452536.0,1685809.0,2411931.0,1425324.0,1108267.0,1140085.0,1333747.0,1178872.0,825246.4,1071615.0,1275149.0,e_male
205169.2,232689.6,259262.3,392122.7,464718.0,1996553.0,2726211.0,3377413.0,4577248.0,6388647.0,5336314.0,8063037.0,5659251.0,7089670.0,6904950.0,8827372.0,3365348.0,5037806.0,6604888.0,4616692.0,3776669.0,6434366.0,6940060.0,12309030.0,9301702.0,5270944.0,7357413.0,6871603.0,6987217.0,5912319.0,3764082.0,3380590.0,2599924.0,2014828.0,1968330.0,1603303.0,2274079.0,2657061.0,2923326.0,1783517.0,1419989.0,2211403.0,1859031.0,1890419.0,2062008.0,1128595.0,1275976.0,1312920.0,1324187.0,3131526.0,e_male
18744.02,32269.1,93850.38,223694.4,681746.2,937520.2,1412252.0,2068510.0,2281320.0,2855099.0,2330363.0,3881455.0,2828622.0,4424965.0,5589552.0,4597160.0,6384412.0,6475651.0,5517805.0,2701788.0,4007182.0,2699187.0,3308761.0,4280301.0,5898193.0,6174606.0,6621909.0,5125849.0,6314104.0,6346499.0,5192537.0,7856260.0,4933520.0,5133863.0,4885654.0,2783305.0,3603566.0,2057300.0,1733652.0,1683829.0,1524772.0,1337051.0,1812266.0,2090644.0,1580412.0,1291369.0,1505391.0,1467663.0,1305357.0,2056922.0,female
1655982.0,1354458.0,857166.5,1313012.0,1777374.0,1920477.0,2501182.0,2463338.0,4669573.0,5674452.0,9910884.0,26584590.0,20397780.0,29035210.0,33937320.0,39676300.0,39641790.0,40581070.0,73274970.0,25534050.0,19891450.0,18341760.0,20623370.0,20535250.0,15380390.0,16865720.0,12818600.0,13113710.0,18532010.0,14398320.0,18557350.0,32604320.0,29558560.0,27565890.0,20512780.0,21518780.0,19054170.0,18124120.0,12753790.0,12050690.0,12538400.0,12426450.0,12328930.0,11318970.0,9010226.0,7966642.0,8766169.0,9109098.0,8836743.0,9544423.0,female
601935.1,618706.0,549044.7,631860.7,2278484.0,6101630.0,15068160.0,16238580.0,19775630.0,25438860.0,21523200.0,21887530.0,21919030.0,27334580.0,22470030.0,24729000.0,22444180.0,21439990.0,18833360.0,21930780.0,20719070.0,15361230.0,16652570.0,8895999.0,8370401.0,11065780.0,10787840.0,6594857.0,6639571.0,6655474.0,5970490.0,4355765.0,7357218.0,3263611.0,3329986.0,3843015.0,2307622.0,2606064.0,1866062.0,1345500.0,1924516.0,1911157.0,2097382.0,2310589.0,2230126.0,2119904.0,1683571.0,1704697.0,1210568.0,1251829.0,e_male
366325.3,346492.4,304944.2,239661.1,379809.1,1216578.0,3234279.0,3297203.0,5675427.0,8979121.0,12820730.0,7443588.0,5320695.0,5934982.0,6373704.0,5928115.0,5372159.0,8217129.0,8371765.0,6852159.0,12400810.0,12051560.0,8426240.0,7490971.0,5449708.0,5232865.0,4792813.0,3157327.0,2553860.0,2575164.0,2040764.0,2196752.0,2461422.0,2408282.0,2427876.0,1895613.0,2068242.0,1588805.0,2731949.0,2817761.0,3326073.0,3574091.0,3032306.0,2784874.0,3081661.0,2354725.0,2243710.0,2889041.0,2694567.0,2122092.0,e_male
6645.959,21587.95,69319.3,206725.8,481090.4,1206754.0,3092662.0,4380651.0,7931859.0,9321635.0,10261090.0,10661410.0,10309010.0,7487541.0,6227419.0,3065354.0,4645018.0,4710170.0,4324828.0,5602240.0,5196290.0,7050476.0,5309188.0,7205022.0,8980964.0,9787771.0,13883650.0,17798720.0,10879680.0,6675660.0,4891357.0,3782150.0,3166178.0,2555622.0,1618342.0,1547735.0,1565718.0,1085075.0,1235653.0,937184.0,635762.3,471871.4,607698.3,510042.3,596849.9,551969.7,590460.8,550063.5,504131.7,638158.8,e_male
243272.7,234134.6,185994.9,175525.1,246809.3,337702.2,1178563.0,1761991.0,1565200.0,4421186.0,4761729.0,1385660.0,1741460.0,2964339.0,3944984.0,1815974.0,2726650.0,5265001.0,5225560.0,3957501.0,4102079.0,4035254.0,3451631.0,7403186.0,6144649.0,4209064.0,4218291.0,4723528.0,4772275.0,1648782.0,5223332.0,2525715.0,3006527.0,2772599.0,3633894.0,3433885.0,4391100.0,3658153.0,3782493.0,2142565.0,4025840.0,2288175.0,3060923.0,4217994.0,3133559.0,2818903.0,3016350.0,4761316.0,4091830.0,2784694.0,e_male
10479.51,12022.64,14516.15,46249.24,350491.4,824475.7,698559.5,1814755.0,1725461.0,1067051.0,447015.4,978222.4,1541314.0,1516120.0,1300173.0,889245.4,719264.2,779081.0,498247.0,394905.8,437592.4,342650.0,292609.7,485062.7,519231.7,626624.2,777847.7,812228.0,1068072.0,1007302.0,1032736.0,728288.6,749003.1,678712.6,469076.7,503014.4,469825.9,555702.7,602336.5,483862.4,526203.1,628699.2,500124.0,492060.5,686059.2,778071.1,1039956.0,1067671.0,1124315.0,754408.2,e_male
654126.5,595917.2,510270.5,472480.1,466766.4,627793.0,987616.9,1759272.0,1920666.0,3136265.0,6031343.0,7811129.0,4728962.0,1984044.0,1268448.0,1402576.0,1319405.0,1687318.0,1456823.0,2726782.0,3903171.0,4902785.0,6015172.0,7157642.0,5480024.0,2457094.0,3076998.0,4164453.0,4786783.0,5214489.0,3238836.0,2369598.0,2950991.0,2931978.0,1509652.0,2180821.0,2016430.0,2011907.0,2252970.0,2041366.0,1834233.0,1771023.0,3023958.0,2883932.0,1625676.0,2139215.0,3017036.0,2323610.0,1749559.0,985676.4,e_male
32122.9,48266.6,173146.5,803532.6,2094937.0,2023790.0,3473433.0,3504449.0,4137552.0,4355738.0,5362664.0,8209356.0,10169030.0,8372950.0,8983525.0,8694539.0,6358571.0,5415692.0,5837307.0,5419418.0,5651646.0,7741217.0,5376834.0,6356950.0,5286071.0,3942539.0,4506236.0,3446201.0,4505209.0,6133031.0,5667719.0,4148841.0,2614725.0,1766368.0,1693856.0,1907828.0,1751581.0,992811.9,1205824.0,983776.8,768512.7,740301.7,571420.0,462114.3,363165.6,424387.4,448803.4,1034956.0,643694.3,1160564.0,female
17494.97,48316.73,115699.9,367360.0,822383.3,2738677.0,6224932.0,9098857.0,15083420.0,21329830.0,15230800.0,11706180.0,11514730.0,6712653.0,8379881.0,7844726.0,8195649.0,8359462.0,8939364.0,14826230.0,11051760.0,13624650.0,16065820.0,11600760.0,15574650.0,12734800.0,11711200.0,15359010.0,13404340.0,10730860.0,8802312.0,5868021.0,3695667.0,4447175.0,2163663.0,2432517.0,2536512.0,1625443.0,1446105.0,1229494.0,670721.9,734764.3,788853.4,876636.2,975717.2,840108.5,1015333.0,922693.4,805923.3,1099796.0,e_male
286767.7,362533.7,187757.5,465170.4,1092240.0,1722751.0,1831566.0,1931422.0,1941557.0,1743376.0,1781282.0,2401239.0,3098462.0,3340942.0,3272520.0,3387012.0,5607049.0,5747882.0,5538884.0,4589067.0,3799990.0,5834738.0,10731240.0,10806620.0,15382500.0,12582000.0,10537770.0,9283629.0,5404273.0,3779161.0,3176208.0,3352682.0,2658040.0,2486816.0,2337164.0,2058245.0,1962326.0,1559525.0,1507692.0,1243982.0,1225304.0,1203300.0,915677.4,1388839.0,1074992.0,1168460.0,1344337.0,1592733.0,1740325.0,1483175.0,female
14332.22,21353.96,165819.7,995756.7,3245457.0,4795419.0,6110053.0,6894209.0,6149897.0,6117675.0,5783203.0,4310474.0,6744802.0,6359804.0,7126777.0,6665632.0,5171931.0,5003361.0,5163656.0,4759017.0,3761566.0,2740777.0,2778767.0,3185090.0,2630807.0,3285021.0,3306139.0,3628986.0,3152849.0,2537262.0,3981639.0,3126501.0,2478685.0,1925952.0,1927334.0,1840468.0,2450662.0,1725017.0,1731723.0,3015436.0,2216884.0,1918550.0,1252506.0,1613289.0,1683421.0,1878424.0,4368523.0,2742782.0,1924855.0,1422214.0,e_male
18283.22,25450.55,45348.27,87720.61,402348.7,894111.5,1606102.0,3113202.0,4271971.0,6846651.0,7915941.0,6090587.0,3226290.0,1779217.0,1265499.0,1774442.0,1827733.0,1841674.0,1791950.0,1641334.0,2324451.0,3289684.0,4121031.0,6021741.0,6125822.0,3207539.0,1573162.0,1344090.0,2308225.0,2431581.0,3233869.0,4579390.0,4216038.0,3284223.0,2159272.0,2186132.0,1758943.0,878592.5,1055194.0,862613.7,1116695.0,1147708.0,849635.1,887988.2,967107.7,1234571.0,1154371.0,1668857.0,1437668.0,1128447.0,e_male
492266.4,462610.5,504416.5,858945.6,5237167.0,2738122.0,6028150.0,8700585.0,5220394.0,7230699.0,10893720.0,10393460.0,13437220.0,17171300.0,15462190.0,11258340.0,33358890.0,39653050.0,26480110.0,18845220.0,20935310.0,19537370.0,20738190.0,29327820.0,32707850.0,25916180.0,19994500.0,13711920.0,13573530.0,10410770.0,12971220.0,11951290.0,12512410.0,9801150.0,11040470.0,10097960.0,9440109.0,8142873.0,6788691.0,4631550.0,3615752.0,3340520.0,2022534.0,2433038.0,2063507.0,2059992.0,1794247.0,1628092.0,1169736.0,1340070.0,female
1154975.0,683037.2,1765257.0,2646770.0,4438694.0,7285917.0,9490468.0,10745640.0,9394539.0,12058890.0,15892630.0,14642910.0,17826500.0,16249580.0,27785130.0,19407360.0,17509280.0,15646990.0,12295310.0,13057700.0,14974090.0,25733710.0,27321590.0,15876830.0,12251110.0,12109450.0,12351380.0,9606650.0,11435900.0,10213680.0,5317103.0,4582329.0,4039255.0,3912277.0,2949474.0,3333997.0,2332553.0,2499529.0,2842006.0,3165672.0,4702046.0,2274009.0,2095361.0,1812303.0,2567703.0,2494160.0,2949955.0,1763674.0,1857257.0,2216914.0,e_male
329598.6,274171.7,288751.6,400849.5,628422.0,1009013.0,1519115.0,2323878.0,3720612.0,6280107.0,9080644.0,10795670.0,14913170.0,16679040.0,11254160.0,7827227.0,7974905.0,9894821.0,12867530.0,11194620.0,15066330.0,17491130.0,15638450.0,18937040.0,23402890.0,19048470.0,22707030.0,22278880.0,16038330.0,12214230.0,10534170.0,9760601.0,10143400.0,8584131.0,8371210.0,9698072.0,10738090.0,10279410.0,6786522.0,8998173.0,7977316.0,8060887.0,5713251.0,6167910.0,6187029.0,8056767.0,8655229.0,7420182.0,8223747.0,9250154.0,e_male
625305.3,481262.0,615514.5,656731.2,686397.6,2103440.0,6125276.0,8054939.0,13232500.0,24831740.0,14012310.0,10147770.0,10135480.0,12083610.0,12244590.0,17352250.0,26409310.0,23438120.0,22080030.0,19615960.0,25449200.0,22081760.0,28350950.0,37585700.0,37515090.0,28990960.0,25560630.0,17486310.0,15826360.0,11589850.0,8693584.0,6715464.0,8928614.0,10472660.0,10666950.0,8184669.0,8465311.0,7031758.0,7183090.0,6022444.0,6060219.0,7236290.0,5372180.0,6171347.0,6249745.0,5684361.0,8053025.0,6289402.0,5189753.0,7970933.0,e_male
1021081.0,759214.9,711158.1,834057.8,1541660.0,3917691.0,5634665.0,8189790.0,16465340.0,23421120.0,15479150.0,37888300.0,11119190.0,4793502.0,5780193.0,6562716.0,5828006.0,6232612.0,8210876.0,10269080.0,9988472.0,6929636.0,6831948.0,7044975.0,4651501.0,7058331.0,11912580.0,9939109.0,9094113.0,12919050.0,18109960.0,12486750.0,9123487.0,14383710.0,14723980.0,18071400.0,8729506.0,6675338.0,6999943.0,7986488.0,7717157.0,7401233.0,5876760.0,5384742.0,7355373.0,5203443.0,4555721.0,5461260.0,5590801.0,4679267.0,e_male
664454.7,2356521.0,6910815.0,13289680.0,15145230.0,19298550.0,22271070.0,18733470.0,19063380.0,18657280.0,20001660.0,22902150.0,21786290.0,24217080.0,21151010.0,22574540.0,24511550.0,19760270.0,29708090.0,40759780.0,31992380.0,28023910.0,32505950.0,22611500.0,29189480.0,22915090.0,22195020.0,20567520.0,18352140.0,17385710.0,12819610.0,11673690.0,11573710.0,10126190.0,10316670.0,,,,,,,,,,,,,,,,female
14395.62,21101.17,30557.37,76461.21,178429.8,574351.8,934520.5,1911223.0,2929105.0,3197113.0,2911658.0,2836124.0,1836306.0,2158786.0,2950132.0,2167005.0,1836596.0,2577743.0,2350848.0,1915788.0,3509705.0,2594727.0,1830573.0,1490721.0,1241486.0,1422495.0,1300057.0,2009651.0,2851092.0,4968324.0,4341910.0,3092813.0,3808775.0,2570315.0,1911683.0,891308.7,1637183.0,1949451.0,1492706.0,1193596.0,702717.2,1289396.0,2410850.0,1394054.0,1406385.0,1263700.0,1893376.0,1339567.0,825227.1,897865.6,e_male
67557.39,72703.0,89303.31,187666.6,955282.8,3487535.0,3391547.0,18612010.0,9166326.0,5563615.0,10584320.0,9203757.0,8731561.0,6025181.0,10117390.0,6873066.0,6542482.0,4620024.0,18042270.0,14166160.0,6898928.0,4153591.0,8315107.0,5311318.0,7722650.0,7101452.0,5637587.0,7603620.0,12408180.0,12760150.0,12994030.0,5424279.0,4710053.0,4598869.0,3637432.0,3992893.0,3789145.0,3341646.0,3238626.0,1188519.0,861710.6,1193100.0,1042017.0,765683.5,1322085.0,898654.8,1179849.0,1259256.0,1186194.0,941397.5,female
16952.15,13392.3,10240.19,23437.53,124222.6,476309.0,947617.4,892940.5,1086174.0,1165959.0,824512.9,1226590.0,2572153.0,4434136.0,4418726.0,2931083.0,1547376.0,1289580.0,846539.6,786007.7,619464.6,561760.9,593294.8,583176.5,568217.2,582049.6,709819.1,870161.1,638821.6,671973.1,892263.9,744479.6,880824.7,721056.5,763481.3,908580.7,890691.1,923020.7,880695.3,750087.1,556732.9,1073925.0,1233936.0,1039621.0,1058566.0,1044993.0,1020225.0,848718.7,638223.4,606504.6,female
309707.2,282673.4,252551.8,308405.8,427499.2,1213769.0,3114939.0,4342592.0,4448043.0,6594927.0,12122000.0,15209610.0,7860835.0,6063724.0,8054515.0,12396870.0,13320770.0,13847690.0,17077630.0,10486160.0,12405470.0,15119290.0,12540230.0,13513090.0,8745569.0,8459100.0,10703910.0,11432070.0,14721930.0,10136340.0,8383144.0,7763418.0,6794497.0,6421015.0,6002963.0,7030627.0,5920741.0,5407519.0,3593683.0,3039612.0,3343482.0,2766333.0,3972844.0,3296786.0,2885550.0,3109354.0,2984343.0,2545763.0,3159971.0,3367594.0,e_male
145075.0,141012.2,123826.9,167082.4,617710.7,2723363.0,7236313.0,9781910.0,12540670.0,18536990.0,22748660.0,23232420.0,14506710.0,11103460.0,10508210.0,9585697.0,12728170.0,9060866.0,9857147.0,9763639.0,11214880.0,14118940.0,14663210.0,12467220.0,10088080.0,10488080.0,6290080.0,6725815.0,7100472.0,8004513.0,14686800.0,10126420.0,9380952.0,6403494.0,6030097.0,5421239.0,4125852.0,4162472.0,3853991.0,4484218.0,3827203.0,5117237.0,4193675.0,4145959.0,,,,,,,e_male
769998.7,573662.6,340275.9,338979.7,623985.9,2537209.0,6633792.0,12223630.0,15760510.0,24931470.0,27201140.0,22717500.0,30899120.0,13398120.0,9628444.0,6500225.0,4826464.0,6993674.0,9026803.0,9356543.0,13963290.0,12174460.0,7775336.0,4607286.0,5655223.0,6063579.0,3197976.0,4841308.0,4825248.0,2614899.0,1596728.0,1645224.0,1287292.0,1042134.0,783272.4,913451.1,1536087.0,2138257.0,2065911.0,1263389.0,1016744.0,1626408.0,1583158.0,1220102.0,1091875.0,1093757.0,1393923.0,1565425.0,1677427.0,2173509.0,e_male
59425.29,76596.03,541490.6,1344483.0,2514080.0,3521142.0,5938042.0,6513969.0,11517560.0,10489130.0,12920520.0,13501760.0,12164780.0,7775954.0,6941821.0,6212310.0,5368378.0,5430117.0,4998877.0,5321441.0,5758499.0,6605267.0,7148695.0,8686081.0,10193600.0,10397690.0,8528886.0,8276672.0,6430683.0,6359958.0,9581128.0,6281541.0,4536139.0,4511533.0,4920300.0,5380704.0,4708946.0,5930803.0,6243776.0,6677468.0,5166372.0,7091907.0,6831175.0,6256234.0,5458560.0,4799140.0,7693853.0,6199880.0,7313783.0,5549894.0,e_male
325.35553,341.822411,408.363974,615.142339,1988.651538,1832.385932,3086.548829,4445.195408,2801.743066,4095.126137,3409.847845,3151.551888,3640.50453,3739.326407,3309.853725,2824.086982,2790.491641,2764.273582,2341.820717,2391.030086,1940.112569,2520.060908,2187.13264,2116.836972,2266.500699,3808.239672,3381.903629,5297.308461,8082.921258,3098.689851,2988.885302,2571.759881,1202.429735,1679.618616,1117.664309,764.946933,803.851111,921.117228,1208.254677,1148.160624,998.748777,936.418382,931.705273,1177.777224,770.619488,1249.359892,994.535544,694.640331,601.335306,724.356025,female
13881.56,21928.71,23663.72,71694.18,444397.2,734629.6,1247717.0,1906061.0,1587817.0,3461399.0,3233772.0,5059265.0,5008653.0,4812691.0,10125480.0,8000065.0,8528149.0,4634773.0,6595442.0,5185780.0,6914096.0,6061248.0,5456874.0,4315465.0,7294911.0,4879386.0,3425973.0,6064977.0,4504605.0,5401552.0,3557178.0,3179448.0,4044557.0,2865557.0,1610850.0,1912532.0,2239886.0,1267450.0,1448841.0,1320579.0,1521182.0,1044785.0,1112154.0,1333435.0,1289725.0,631552.3,706766.1,790226.6,986858.3,389544.3,e_male
51580.86,58994.97,82521.86,77120.96,206815.2,350799.1,373507.2,443721.1,764036.8,1919114.0,3211389.0,8889392.0,8607483.0,10572760.0,6464457.0,11462630.0,17719400.0,27741100.0,24033590.0,8539450.0,4714391.0,2192289.0,1581437.0,1578172.0,1358770.0,1700210.0,1923350.0,3624202.0,1990159.0,2585211.0,2435196.0,2806675.0,2739765.0,2142228.0,2367120.0,2857284.0,1567195.0,1874227.0,1235187.0,821115.3,523351.8,570182.8,337873.5,265416.2,322295.6,199892.3,316619.8,391772.7,470622.0,433333.2,female
339803.1,355039.4,385845.2,584229.6,1960171.0,12902460.0,9159486.0,6186247.0,7256235.0,8505426.0,4654219.0,3543046.0,3116175.0,2466447.0,2075415.0,1070383.0,1304993.0,1478090.0,2008079.0,1827689.0,2973831.0,4782228.0,4884986.0,6076362.0,8679135.0,16541290.0,16009220.0,19417670.0,12349730.0,5430799.0,3789631.0,4578062.0,4537648.0,3748121.0,3056027.0,4196968.0,4804282.0,2689459.0,2154570.0,2185145.0,2666583.0,2835436.0,2292845.0,2266450.0,2107947.0,2257733.0,2410813.0,2352794.0,2864453.0,2641765.0,female
202041.4,224103.0,247283.4,256994.7,278964.2,471049.9,2558809.0,2897843.0,4351678.0,4130778.0,3162406.0,2343601.0,2801588.0,6004405.0,4766079.0,7097340.0,14443030.0,9476425.0,4876355.0,4886344.0,8154676.0,9532533.0,9540006.0,8335705.0,6534810.0,5962387.0,4965114.0,4472370.0,3102962.0,1747237.0,1406817.0,1343164.0,1592707.0,1417346.0,1612300.0,1716167.0,1434841.0,984879.9,1581425.0,1662409.0,1658404.0,1977338.0,1335466.0,1070919.0,843714.0,919813.4,1158463.0,1176127.0,718626.7,662084.6,e_male
182508.6,185363.8,199946.6,256413.2,461751.0,570355.4,1013604.0,1062796.0,1147483.0,1196528.0,1321282.0,1702160.0,4432319.0,5815002.0,5672857.0,7112004.0,9508455.0,9650677.0,10455040.0,15976420.0,9834999.0,4630379.0,2992060.0,3596530.0,4797026.0,7835895.0,6246777.0,7129317.0,11471040.0,11367430.0,11819330.0,13146500.0,10493970.0,13782640.0,13891720.0,13141610.0,8963916.0,8548945.0,5981476.0,5699955.0,4801698.0,2503781.0,2900945.0,3920735.0,2636485.0,2470263.0,4267646.0,2980203.0,2689112.0,2662408.0,female
772150.0,692161.8,524768.3,384191.7,227869.5,283379.3,535963.6,1821726.0,3443951.0,7622713.0,12538600.0,17998940.0,26465110.0,18756700.0,9757927.0,7084938.0,6840703.0,8777625.0,10300700.0,14689660.0,13917500.0,13984670.0,11035320.0,8081931.0,9551537.0,6082269.0,8875697.0,6639691.0,5979887.0,6283904.0,4987223.0,4644182.0,5046256.0,5077183.0,3391223.0,4549875.0,4800302.0,8426937.0,8009748.0,4900509.0,3604267.0,3166824.0,3037298.0,2362311.0,2129398.0,2577409.0,2515688.0,1604056.0,1790222.0,3336369.0,e_male
271349.7,267319.3,287433.2,318452.4,448760.0,536796.0,1360768.0,2682983.0,3582519.0,4869286.0,6725763.0,8728176.0,6613330.0,7338066.0,7682040.0,8302560.0,6452347.0,4515879.0,4784544.0,4007544.0,6433181.0,6864567.0,9092371.0,7666605.0,14195670.0,11128440.0,7703691.0,9822560.0,7574458.0,3241298.0,2468017.0,3503832.0,4379758.0,5595069.0,3609615.0,3532361.0,3131616.0,2336734.0,2635181.0,2158178.0,3793637.0,2953051.0,1127688.0,1376503.0,930821.0,1646124.0,1393777.0,1667580.0,1569794.0,2013904.0,e_male
